<?xml version="1.0" encoding="UTF-8"?>
<!-- Example manager template  

A manager template uses a structure similar to the templates used in Flipper.
When creating a template, it consists of three required parts and one optional.

Managers: A template can contain one or multiple managers, and for each managers:
	InformationState: None or one information state (DefaultRecords) where the manager can update from and read to. Does not override by default.
	Template: None or one Flipper template that the manager has to process
	Function: None or more custom made functions that can be called from the manager
	(Optional) Class: The custom classes can be called when creating a custom manager which for example needs a
	connection with an external source or has to read/write data.
		Parameter: Can contain zero or more optional parameters for the call to
		an external class.
	

--> 


<managers>
	<manager id="001" name="IntentManager" interval="30">
		<class classname="eu.aria.dialogue.managers.IntentManager">
			<parameter name="rules_path" path="true" value="../data/rules.xml"/>
			<parameter name="stopwords_path" path="true" value="../data/stopwords.txt"/>
			<parameter name="synonyms_path" path="true" value="../data/synonyms.txt"/>
			<parameter name="pos_model_path" path="true" value="../data/taggers/english-left3words-distsim.tagger"/>

		</class>
		<!--<templates>
			 todo rules to flipper templates
		</templates>-->
	</manager>

	<manager id="002" name="BehaviourGenerator" interval="100">
		<behaviours>
			<behaviour classname="eu.aria.dialogue.behaviours.BehaviourToGui" />
			</behaviours>
		<templates>
			<template path="../templates/responses.xml" />		
		</templates>
	</manager>

	<manager id="003" name="GuiManager" interval="50">
		<class classname="eu.aria.dialogue.managers.GuiManager">
		</class>		
	</manager>

	<manager id="004" name="IS Inspector" interval="1000">
		<class classname="eu.aria.dialogue.managers.utils.ISInspector">
		</class>
	</manager>

	<manager id="005" name="POSManager" interval="50">
		<class classname="eu.aria.dialogue.managers.POSManager">
			<parameter name="rules_path" path="true" value="../data/rules.xml"/>
			<parameter name="stopwords_path" path="true" value="../data/stopwords.txt"/>
			<parameter name="synonyms_path" path="true" value="../data/synonyms.txt"/>
			<parameter name="pos_model_path" path="true" value="../data/taggers/english-left3words-distsim.tagger"/>
			<parameter name="parse_model" path="false" value="edu/stanford/nlp/models/lexparser/englishPCFG.ser.gz"/>

		</class>
		<!--<templates>
			 todo rules to flipper templates
		</templates>-->
	</manager>

	<manager id="006" name="StoryManager" interval="40">
		<class classname="eu.aria.dialogue.managers.StoryManager">
		</class>
		<!--<templates>
			 todo rules to flipper templates
		</templates>-->
	</manager>



</managers>